{
  "project_info": {
    "project_number": "339962628204",
    "project_id": "vaksin-a7ce4",
    "storage_bucket": "vaksin-a7ce4.appspot.com"
  },
  "client": [
    {
      "client_info": {
        "mobilesdk_app_id": "1:339962628204:android:d76a3765cc79fc9e70b049",
        "android_client_info": {
          "package_name": "com.pnj.vaksin_firebase"
        }
      },
      "oauth_client": [
        {
          "client_id": "339962628204-dpc5qva32ba9a39hc5ddps5fhg6tmfp5.apps.googleusercontent.com",
          "client_type": 3
        }
      ],
      "api_key": [
        {
          "current_key": "AIzaSyBgWrBCu9zF0ux4uto7WJxMyKXe2SsZZC8"
        }
      ],
      "services": {
        "appinvite_service": {
          "other_platform_oauth_client": [
            {
              "client_id": "339962628204-dpc5qva32ba9a39hc5ddps5fhg6tmfp5.apps.googleusercontent.com",
              "client_type": 3
            }
          ]
        }
      }
    }
  ],
  "configuration_version": "1"
}